Date,Views,,,
2025-05-17,1060,,,
2025-05-18,1156,,,
2025-05-19,1268,,,
2025-05-20,1352,,,
2025-05-21,1174,,,
2025-05-22,1169,,,
2025-05-23,1044,,,
2025-05-24,927,,,
2025-05-25,1103,,,
2025-05-26,1667,,,
2025-05-27,2052,,,
2025-05-28,1420,,,
2025-05-29,1218,,,
2025-05-30,869,,,
2025-05-31,777,,,
2025-06-01,1166,,,
2025-06-02,1359,,,
2025-06-03,1343,,,
2025-06-04,4589,,,
2025-06-05,1555,,,
2025-06-06,1139,,,
2025-06-07,1159,,,
2025-06-08,1263,,,
2025-06-09,1299,,,
2025-06-10,1351,,,
2025-06-11,1213,,,
2025-06-12,1010,,,
2025-06-13,831,,,
2025-06-14,781,,,
2025-06-15,1205,,,
2025-06-16,1269,,,
2025-06-17,1477,,,
2025-06-18,1235,,,
2025-06-19,1210,,,
2025-06-20,830,,,
2025-06-21,794,,,
2025-06-22,1007,,,
2025-06-23,2497,,,
2025-06-24,1102,,,
2025-06-25,2937,,,
2025-06-26,1911,,,
2025-06-27,962,,,
2025-06-28,996,,,
2025-06-29,979,,,
2025-06-30,1020,,,
2025-07-01,1081,,,
2025-07-02,1060,,,
2025-07-03,3153,,,
2025-07-04,1824,,,
2025-07-05,3049,,,
2025-07-06,3314,,,
2025-07-07,2828,,,
2025-07-08,2320,,,
2025-07-09,2448,,,
2025-07-10,1972,,,
2025-07-11,2765,,,
2025-07-12,1865,,,
2025-07-13,1547,,,
2025-07-14,1799,,,
2025-07-15,1683,,,
2025-07-16,1962,,,
2025-07-17,1642,,,
2025-07-18,1508,,,
2025-07-19,1219,,,
2025-07-20,1151,,,
2025-07-21,1359,,,
2025-07-22,1323,,,
2025-07-23,1265,,,
2025-07-24,1183,,,
2025-07-25,896,,,
2025-07-26,904,,,
2025-07-27,1029,,,
2025-07-28,1145,,,
2025-07-29,2385,,,
2025-07-30,1884,,,
2025-07-31,1953,,,
2025-08-01,1464,,,
2025-08-02,1201,,,
2025-08-03,1495,,,
2025-08-04,1458,,,
2025-08-05,1446,,,
2025-08-06,2450,,,
2025-08-07,1601,,,
2025-08-08,1148,,,
2025-08-09,828,,,
2025-08-10,1021,,,
2025-08-11,1177,,,
2025-08-12,1127,,,
2025-08-13,1167,,,
2025-08-14,936,,,